{
  "test_accuracy": 0.9003299276287782,
  "epochs_trained": 100,
  "max_epochs": 100,
  "early_stopping_patience": 10,
  "training_time_s": 1403.7852973937988,
  "best_params": {
    "hidden_layers": 1,
    "hidden_dim": 80,
    "lr": 0.0002502224026862546,
    "wavelet_type": "dog"
  },
  "train_windows": 8644320,
  "test_windows": 2161080,
  "train_loss_curve": [
    0.9859715595371885,
    0.4281588904568438,
    0.39624880047749356,
    0.3889705249269662,
    0.38584836742036915,
    0.38410206508704253,
    0.3828637322326657,
    0.3819264715400191,
    0.38119502360999824,
    0.3805635985436244,
    0.3800451930553194,
    0.3795995507314289,
    0.3792165951603427,
    0.378918913374634,
    0.3786100828726691,
    0.3783317835685117,
    0.3780890442386845,
    0.3778974481723061,
    0.3776605933149176,
    0.37745627904921114,
    0.37729952965012037,
    0.3771215229908795,
    0.37700856696426854,
    0.3768258948612484,
    0.37674261580511054,
    0.3765430239754473,
    0.37642983250978346,
    0.37635511573641484,
    0.3762578445993535,
    0.3760927992461841,
    0.37604850925305705,
    0.3759405030525852,
    0.3758492999818477,
    0.37576292319281973,
    0.37572079318672863,
    0.37563967516963953,
    0.3755547118480667,
    0.37546382040611465,
    0.3753978631926272,
    0.37533456745856014,
    0.3752838197095618,
    0.37524904488980615,
    0.3751602371392502,
    0.37506233170201386,
    0.37504856321264346,
    0.3749846405848539,
    0.37490009835082133,
    0.37486412886109177,
    0.3748214108080865,
    0.37475185924106175,
    0.3747149288823779,
    0.37468543325349407,
    0.37462848893021894,
    0.3746156625500846,
    0.37456658669654525,
    0.37451770938394535,
    0.37446310460299176,
    0.3744491396061026,
    0.374403071527768,
    0.3743781534254593,
    0.3743362392443838,
    0.3742914824541133,
    0.37427474107541225,
    0.37423069783224083,
    0.3742006540835059,
    0.37415583401007607,
    0.3741356564963268,
    0.3741167978677273,
    0.37409626218245173,
    0.3740644534174737,
    0.37402005197453403,
    0.3739809706379977,
    0.3739485587872648,
    0.3739229527462492,
    0.37390756614116155,
    0.3738609584720461,
    0.3738548578568698,
    0.37381238148438933,
    0.3737893618415583,
    0.373788525794982,
    0.3737627198079897,
    0.37377981609627126,
    0.37370787132721156,
    0.3737184971366214,
    0.373643494971243,
    0.3736506922638719,
    0.373607012904162,
    0.3736369407126136,
    0.37359912656432953,
    0.37355241435055936,
    0.37354567033423824,
    0.37352540038457216,
    0.37351929818078594,
    0.37346933142067384,
    0.37345041481840247,
    0.3734520308371546,
    0.37343592581323076,
    0.37344667717224894,
    0.3733775436073309,
    0.37338487491509387
  ]
}